iter	Logloss
0	0.618987939
1	0.5585149436
2	0.5082799436
3	0.466089728
4	0.4304632284
5	0.4002849394
6	0.374569724
7	0.3525685751
8	0.3336943817
9	0.3174816622
